"set","mask_variant","cov","density","scene","status","error","f1","precision","recall","fragment_recovery_recovery_rate","adjusted_rand_index","vi_split_bits","vi_merge_bits","vi_total_bits","n_common_fragments","n_gt_groups","n_pred_groups"
"testcmp10","degraded","cov20","20","synth_0000","ok","","0.8245614035087719","0.8703703703703703","0.7833333333333333","0.85","0.8142823559196368","0.22625699975857239","0.18036265918337843","0.40661965894195085","79","20","20"
"testcmp10","degraded","cov20","20","synth_0001","ok","","0.9968847352024921","1.0","0.9937888198757764","0.9565217391304348","0.9967343834017496","0.023809523809523808","0.0","0.023809523809523808","84","23","26"
"testcmp10","degraded","cov20","20","synth_0002","ok","","0.9029126213592235","0.9029126213592233","0.9029126213592233","0.7619047619047619","0.8984543066022015","0.14348021057811777","0.13782282614966573","0.2813030367277835","69","21","22"
"testcmp10","degraded","cov20","20","synth_0003","ok","","0.7764127764127763","0.8315789473684211","0.728110599078341","0.7","0.7629603146228101","0.41027658077571194","0.27464679962289884","0.6849233803986108","85","20","23"
"testcmp10","degraded","cov20","20","synth_0004","ok","","0.9454545454545454","1.0","0.896551724137931","1.0","0.9426673895364598","0.08628561354325609","0.0","0.08628561354325609","48","20","22"
"testcmp10","degraded","cov20","20","synth_0005","ok","","0.8653846153846154","0.9183673469387755","0.8181818181818182","0.875","0.8605279011133671","0.21137835786604384","0.11470102054989219","0.32607937841593604","95","32","34"
"testcmp10","degraded","cov20","20","synth_0006","ok","","0.8590604026845637","0.8827586206896552","0.8366013071895425","0.8333333333333334","0.8508378389750277","0.22999391903586316","0.140410263858962","0.37040418289482513","74","18","21"
"testcmp10","degraded","cov20","20","synth_0007","ok","","0.9459459459459458","0.9333333333333333","0.958904109589041","0.9615384615384616","0.9440745167226301","0.0709684701815443","0.058210963132688434","0.12917943331423273","67","26","28"
"testcmp10","degraded","cov20","20","synth_0008","ok","","0.8913043478260869","0.8913043478260869","0.8913043478260869","1.0","0.8867297824098015","0.11399044006636916","0.11399044006636916","0.22798088013273832","68","22","24"
"testcmp10","degraded","cov20","20","synth_0009","ok","","0.9355742296918768","0.943502824858757","0.9277777777777778","1.0","0.9328915855543248","0.0893707894281375","0.08159315710013791","0.1709639465282754","95","24","28"
"testcmp10","degraded","cov30","30","synth_0000","ok","","0.8356643356643356","0.8241379310344827","0.8475177304964538","0.7","0.8296721817277117","0.25440827278765643","0.2509052961024483","0.5053135688901047","128","30","33"
"testcmp10","degraded","cov30","30","synth_0001","ok","","0.7929824561403508","0.7985865724381626","0.7874564459930313","0.75","0.7877106287343949","0.2983041710874193","0.2588215089604392","0.5571256800478586","152","44","45"
"testcmp10","degraded","cov30","30","synth_0002","ok","","0.8629213483146068","0.8629213483146068","0.8629213483146068","0.8888888888888888","0.8586439484127766","0.2225428252374015","0.18386214105894963","0.40640496629635114","172","36","39"
"testcmp10","degraded","cov30","30","synth_0003","ok","","0.8984509466437177","0.9222614840989399","0.8758389261744967","0.8055555555555556","0.8955045905016558","0.21570412492097424","0.13346722881162237","0.3491713537325966","144","36","39"
"testcmp10","degraded","cov30","30","synth_0004","ok","","0.8652173913043478","0.8291666666666667","0.9045454545454545","0.8108108108108109","0.861423430627749","0.12697105712828133","0.21205997303438767","0.339031030162669","130","37","37"
"testcmp10","degraded","cov30","30","synth_0005","ok","","0.8778280542986425","0.8609467455621301","0.8953846153846153","0.8","0.8737060868072262","0.14942703184790662","0.21337980826557554","0.3628068401134822","143","35","35"
"testcmp10","degraded","cov30","30","synth_0006","ok","","0.9304347826086956","0.9145299145299145","0.9469026548672567","0.85","0.9284959916016519","0.0931037309514985","0.13419068692403535","0.22729441787553384","160","40","39"
"testcmp10","degraded","cov30","30","synth_0007","ok","","0.7703927492447129","0.7566765578635015","0.7846153846153846","0.6857142857142857","0.7629835214533413","0.29966678030488425","0.3139021577965899","0.6135689381014742","146","35","36"
"testcmp10","degraded","cov30","30","synth_0008","ok","","0.8837876614060258","0.8825214899713467","0.8850574712643678","0.9090909090909091","0.8798868750987169","0.20921692178342494","0.18987668895075133","0.39909361073417626","147","33","34"
"testcmp10","degraded","cov30","30","synth_0009","ok","","0.8556291390728477","0.834625322997416","0.8777173913043478","0.9459459459459459","0.8511587967155876","0.19432680248767764","0.24238647524426618","0.4367132777319438","159","37","36"
"testcmp10","degraded","cov40","40","synth_0000","ok","","0.8401976935749588","0.804416403785489","0.8793103448275862","0.8620689655172413","0.8369463946396355","0.15184413489552126","0.2149690286981405","0.3668131635936618","247","58","58"
"testcmp10","degraded","cov40","40","synth_0001","ok","","0.8141592920353982","0.8329979879275654","0.7961538461538461","0.7659574468085106","0.8102990422007778","0.28592873791522555","0.1972763920636623","0.48320512997888787","224","47","52"
"testcmp10","degraded","cov40","40","synth_0002","ok","","0.8929889298892989","0.8976261127596439","0.8883994126284875","0.9056603773584906","0.8905482067091236","0.17123612439350783","0.1663987611576034","0.3376348855511112","247","53","53"
"testcmp10","degraded","cov40","40","synth_0003","ok","","0.8087091757387248","0.8414239482200647","0.7784431137724551","0.6274509803921569","0.8045794410557929","0.3727728382103427","0.26515559682176665","0.6379284350321093","247","51","59"
"testcmp10","degraded","cov40","40","synth_0004","ok","","0.9011595803423523","0.901657458563536","0.9006622516556292","0.8958333333333334","0.8986511379028973","0.1935206912567286","0.1889312157787377","0.3824519070354663","271","48","48"
"testcmp10","degraded","cov40","40","synth_0005","ok","","0.6563421828908554","0.6681681681681682","0.644927536231884","0.6078431372549019","0.6479524112944604","0.5344640781343126","0.543710490291212","1.0781745684255246","239","51","50"
"testcmp10","degraded","cov40","40","synth_0006","ok","","0.8129770992366413","0.8385826771653543","0.7888888888888889","0.75","0.8085801673682338","0.2814777664703276","0.23192863579785536","0.5134064022681829","214","48","50"
"testcmp10","degraded","cov40","40","synth_0007","ok","","0.7520476545048399","0.7605421686746988","0.7437407952871871","0.7083333333333334","0.745618292269784","0.4070619398221815","0.3760848228269263","0.7831467626491078","231","48","49"
"testcmp10","degraded","cov40","40","synth_0008","ok","","0.7800891530460625","0.7425742574257426","0.8215962441314554","0.7592592592592593","0.7751613013148093","0.2759209690825325","0.32722216892520545","0.6031431380077379","248","54","56"
"testcmp10","degraded","cov40","40","synth_0009","ok","","0.8161708619374523","0.8385579937304075","0.7949479940564635","0.6923076923076923","0.8119106724930464","0.37156643310511905","0.2564627451586192","0.6280291782637383","241","52","60"
"testcmp10","degraded","cov50","50","synth_0000","ok","","0.8152927120669056","0.8050967437470505","0.8257502420135527","0.7313432835820896","0.8117799213942578","0.3357538052925354","0.35849508262581453","0.6942488879183499","474","67","67"
"testcmp10","degraded","cov50","50","synth_0001","ok","","0.8369462770970783","0.8451776649746193","0.8288736776602365","0.7638888888888888","0.834383295268861","0.31760357645101467","0.2768212282621696","0.5944248047131843","454","72","76"
"testcmp10","degraded","cov50","50","synth_0002","ok","","0.8558067030397505","0.8305597579425114","0.882636655948553","0.8405797101449275","0.8532756020314798","0.2077602519561828","0.21348526618177155","0.42124551813795436","386","69","73"
"testcmp10","degraded","cov50","50","synth_0003","ok","","0.6859358477264716","0.6989942528735632","0.673356401384083","0.5657894736842105","0.680045825945879","0.5078964662503088","0.5367755531927265","1.0446720194430354","393","76","74"
"testcmp10","degraded","cov50","50","synth_0004","ok","","0.8266759291420631","0.8035111411208643","0.8512160228898427","0.7166666666666667","0.8230662200830802","0.3126547265869057","0.3659198960516855","0.6785746226385911","376","60","61"
"testcmp10","degraded","cov50","50","synth_0005","ok","","0.7645083932853717","0.7707930367504836","0.758325404376784","0.7027027027027027","0.7606252987759713","0.3555719155218265","0.3296837078507119","0.6852556233725384","359","74","75"
"testcmp10","degraded","cov50","50","synth_0006","ok","","0.8683247988295537","0.8792592592592593","0.8576589595375722","0.8181818181818182","0.8660762489109901","0.27390060751272266","0.23495866081213607","0.5088592683248587","404","66","69"
"testcmp10","degraded","cov50","50","synth_0007","ok","","0.8183745583038868","0.8253741981468282","0.8114926419060967","0.7096774193548387","0.8145725561194942","0.33905490942385685","0.29209912069295135","0.6311540301168082","372","62","67"
"testcmp10","degraded","cov50","50","synth_0008","ok","","0.7528971962616822","0.7388114453411592","0.7675304878048781","0.6865671641791045","0.7484169216730702","0.4169533166525845","0.39594772773478026","0.8129010443873648","388","67","73"
"testcmp10","degraded","cov50","50","synth_0009","ok","","0.7396176664469347","0.7818815331010452","0.701688555347092","0.6612903225806451","0.7344826070269614","0.5271415287304042","0.37686227453086385","0.9040038032612681","396","62","70"
"testcmp10","degraded","cov60","60","synth_0000","ok","","0.7460140897293289","0.759531898829747","0.7329690346083789","0.6404494382022472","0.742248066295347","0.5330677795022101","0.4888383540011648","1.021906133503375","608","89","91"
"testcmp10","degraded","cov60","60","synth_0001","ok","","0.7404096834264432","0.7711404189294027","0.7120343839541547","0.5909090909090909","0.7368146421384547","0.5546134550257293","0.45448192711947794","1.0090953821452073","627","88","94"
"testcmp10","degraded","cov60","60","synth_0002","ok","","0.8019340355724399","0.8304721030042919","0.7752921535893156","0.7325581395348837","0.7992480170650353","0.4055558809942791","0.32705688353295115","0.7326127645272302","658","86","90"
"testcmp10","degraded","cov60","60","synth_0003","ok","","0.8281573498964802","0.8830022075055187","0.7797270955165692","0.7291666666666666","0.8262684699181385","0.3247253556057325","0.1589837849299562","0.4837091405356887","298","96","110"
"testcmp10","degraded","cov60","60","synth_0004","ok","","0.7528849980103461","0.7703583061889251","0.7361867704280156","0.6629213483146067","0.749222718683171","0.47821734894506013","0.44636516294030926","0.9245825118853694","587","89","91"
"testcmp10","degraded","cov60","60","synth_0005","ok","","0.7015457788347206","0.6971248523040567","0.7060231352213802","0.5684210526315789","0.6974086985505675","0.5158657062830602","0.5583364956386074","1.0742022019216675","608","95","90"
"testcmp10","degraded","cov60","60","synth_0006","ok","","0.8039521580863235","0.8227780734433209","0.7859684799186578","0.7184466019417476","0.8016500612177225","0.37003639230423124","0.33856444919022755","0.7086008414944588","576","103","103"
"testcmp10","degraded","cov60","60","synth_0007","ok","","0.7088255733148019","0.7428987618353969","0.6777408637873754","0.6","0.7049651866409868","0.5030948418327538","0.4011870432092127","0.9042818850419665","469","95","102"
"testcmp10","degraded","cov60","60","synth_0008","ok","","0.7667487011211375","0.8020594965675057","0.7344159245678366","0.5903614457831325","0.7632717174865006","0.4841942673781672","0.39890314478999533","0.8830974121681625","499","83","87"
"testcmp10","degraded","cov60","60","synth_0009","ok","","0.6817713697219361","0.684449958643507","0.6791136643414034","0.5647058823529412","0.6770538425784577","0.5979992981083593","0.594320988736912","1.1923202868452711","577","85","88"
"testcmp10","clean","cov20","20","synth_0000","ok","","0.8579881656804734","0.9119496855345912","0.8100558659217877","0.85","0.8497769326409712","0.21000114513649287","0.12531815860620413","0.33531930374269703","79","20","21"
"testcmp10","clean","cov20","20","synth_0001","ok","","1.0","1.0","1.0","1.0","1.0","0.0","0.0","0.0","78","23","23"
"testcmp10","clean","cov20","20","synth_0002","ok","","0.9591836734693877","0.9791666666666666","0.94","0.9047619047619048","0.9573496096309749","0.09359599965588648","0.04051305150240396","0.13410905115829044","68","21","22"
"testcmp10","clean","cov20","20","synth_0003","ok","","0.8309455587392551","0.8333333333333334","0.8285714285714286","0.75","0.8207959825270685","0.2572838982188928","0.26369196691100133","0.5209758651298941","79","20","20"
"testcmp10","clean","cov20","20","synth_0004","ok","","1.0","1.0","1.0","1.0","1.0","0.0","0.0","0.0","45","20","20"
"testcmp10","clean","cov20","20","synth_0005","ok","","0.9273743016759776","0.9378531073446328","0.9171270718232044","0.9375","0.9246498589599924","0.11900134529890126","0.10390359525563189","0.22290494055453314","100","32","32"
"testcmp10","clean","cov20","20","synth_0006","ok","","0.9739776951672863","0.9632352941176471","0.9849624060150376","0.9444444444444444","0.9723952677601875","0.039925905828456065","0.05652368883898732","0.09644959466744338","69","18","18"
"testcmp10","clean","cov20","20","synth_0007","ok","","0.8982035928143712","0.9375","0.8620689655172413","0.8846153846153846","0.89421558777092","0.16052070898751444","0.08955223880597014","0.2500729477934846","67","26","27"
"testcmp10","clean","cov20","20","synth_0008","ok","","0.9732620320855615","0.9680851063829787","0.978494623655914","0.9090909090909091","0.9720434480008133","0.04174071972974952","0.049168371179341384","0.09090909090909091","66","22","22"
"testcmp10","clean","cov20","20","synth_0009","ok","","0.9696969696969697","0.975609756097561","0.963855421686747","1.0","0.9683320207281318","0.04706488011450333","0.04101864175496377","0.0880835218694671","88","24","24"
"testcmp10","clean","cov30","30","synth_0000","ok","","0.8842105263157896","0.8704663212435233","0.8983957219251337","0.8666666666666667","0.8797744018496246","0.1507604579482409","0.1671387566793572","0.31789921462759807","144","30","30"
"testcmp10","clean","cov30","30","synth_0001","ok","","0.8813953488372093","0.8773148148148148","0.8855140186915887","0.8695652173913043","0.8783212760159379","0.1842213189041847","0.19931657769429403","0.3835378965984787","185","46","45"
"testcmp10","clean","cov30","30","synth_0002","ok","","0.9373650107991361","0.9293361884368309","0.9455337690631809","0.9166666666666666","0.9353772285935099","0.08279524112969366","0.0976969189225125","0.18049216005220617","174","36","36"
"testcmp10","clean","cov30","30","synth_0003","ok","","0.9196581196581196","0.9026845637583892","0.9372822299651568","0.7894736842105263","0.91727574100023","0.10602279341769345","0.14786886033375282","0.2538916537514463","143","38","37"
"testcmp10","clean","cov30","30","synth_0004","ok","","0.85","0.85","0.85","0.8378378378378378","0.8455801104972376","0.19372574650026464","0.17235797719800178","0.3660837236982664","130","37","38"
"testcmp10","clean","cov30","30","synth_0005","ok","","0.8784810126582278","0.8675","0.8897435897435897","0.8285714285714286","0.8742085975848873","0.1710128242846671","0.2003416867280714","0.37135451101273853","153","35","35"
"testcmp10","clean","cov30","30","synth_0006","ok","","0.9465449804432856","0.9428571428571428","0.9502617801047121","0.875","0.9450239507675496","0.09094066471672499","0.10682256932388022","0.1977632340406052","167","40","39"
"testcmp10","clean","cov30","30","synth_0007","ok","","0.8625850340136055","0.8756906077348067","0.8498659517426274","0.8","0.8582203631942092","0.24325956296395804","0.2113041518677729","0.45456371483173097","155","35","35"
"testcmp10","clean","cov30","30","synth_0008","ok","","0.9030390738060781","0.8863636363636364","0.9203539823008849","0.9375","0.8997216497328319","0.14215984863508396","0.16203536011465114","0.3041952087497351","145","32","32"
"testcmp10","clean","cov30","30","synth_0009","ok","","0.9147286821705426","0.9053708439897699","0.9242819843342036","0.9210526315789473","0.9122181160307858","0.11443605554264993","0.1326393135890158","0.24707536913166572","165","38","38"
"testcmp10","clean","cov40","40","synth_0000","ok","","0.8444757213230119","0.8097165991902834","0.8823529411764706","0.864406779661017","0.8413064500699052","0.14293931474299826","0.2155489961418415","0.3584883108848398","267","59","57"
"testcmp10","clean","cov40","40","synth_0001","ok","","0.8652931854199684","0.883495145631068","0.8478260869565217","0.875","0.8623893560375414","0.2234189827819737","0.17903313967210951","0.40245212245408324","245","48","50"
"testcmp10","clean","cov40","40","synth_0002","ok","","0.8770270270270271","0.8699731903485255","0.8841961852861036","0.8113207547169812","0.8742418694855715","0.18695492346396653","0.22815528682046277","0.4151102102844293","259","53","51"
"testcmp10","clean","cov40","40","synth_0003","ok","","0.7850854479544277","0.812433011789925","0.7595190380761523","0.6666666666666666","0.7800584797503154","0.3818104668860489","0.3405415290862399","0.7223519959722888","291","51","51"
"testcmp10","clean","cov40","40","synth_0004","ok","","0.9451754385964913","0.9493392070484582","0.9410480349344978","0.9183673469387755","0.9438051896412956","0.11422438315142014","0.11282498616828403","0.22704936931970415","274","49","48"
"testcmp10","clean","cov40","40","synth_0005","ok","","0.6932515337423313","0.6647058823529411","0.7243589743589743","0.56","0.6853306693423419","0.4464594910520543","0.5731264399443852","1.0195859309964395","279","50","45"
"testcmp10","clean","cov40","40","synth_0006","ok","","0.8938547486033519","0.9022556390977443","0.8856088560885609","0.7916666666666666","0.8912936387272652","0.17537411738534406","0.17651606313466045","0.35189018052000454","214","48","47"
"testcmp10","clean","cov40","40","synth_0007","ok","","0.7746031746031746","0.7810499359795134","0.7682619647355163","0.7755102040816326","0.7686552987910008","0.3465493076456231","0.35067108617668996","0.697220393822313","248","49","48"
"testcmp10","clean","cov40","40","synth_0008","ok","","0.7583176396735718","0.760705289672544","0.7559449311639549","0.6666666666666666","0.7529792943922855","0.3673565280538116","0.38384773710976783","0.7512042651635794","272","54","53"
"testcmp10","clean","cov40","40","synth_0009","ok","","0.8222996515679443","0.8290398126463701","0.815668202764977","0.7547169811320755","0.8180812258117739","0.3047207365710336","0.2927811368134247","0.5975018733844584","273","53","53"
"testcmp10","clean","cov50","50","synth_0000","ok","","0.7699366397203409","0.7958446251129178","0.7456622936944562","0.7164179104477612","0.7655889307252978","0.42196413865725757","0.37216350294452516","0.7941276416017827","497","67","69"
"testcmp10","clean","cov50","50","synth_0001","ok","","0.8253286825865307","0.8381471389645777","0.8128964059196617","0.7945205479452054","0.8225348155507995","0.3266840440581825","0.2888434090359955","0.615527453094178","487","73","76"
"testcmp10","clean","cov50","50","synth_0002","ok","","0.8259310344827586","0.8211738891936369","0.8307436182019978","0.7941176470588235","0.8228632817472021","0.3028593090502735","0.30136147800094987","0.6042207870512233","458","68","70"
"testcmp10","clean","cov50","50","synth_0003","ok","","0.7352941176470589","0.7604562737642585","0.7117437722419929","0.6708860759493671","0.7305762111146188","0.4538692029629427","0.44428470511534635","0.898153908078289","432","79","76"
"testcmp10","clean","cov50","50","synth_0004","ok","","0.8131728942368588","0.8397645519947678","0.7882136279926335","0.7258064516129032","0.8095365273790947","0.3567604239419758","0.3001744234629598","0.6569348474049357","407","62","64"
"testcmp10","clean","cov50","50","synth_0005","ok","","0.772137828825491","0.7864150943396226","0.7583697234352256","0.6933333333333334","0.7684300289933805","0.3849620565909948","0.3581426782859237","0.7431047348769185","411","75","76"
"testcmp10","clean","cov50","50","synth_0006","ok","","0.8381791483113068","0.8135689851767389","0.8643246517262265","0.7164179104477612","0.8352373673440637","0.26943758141586727","0.32405055316951586","0.5934881345853831","437","67","66"
"testcmp10","clean","cov50","50","synth_0007","ok","","0.7613727055067837","0.7802617230098147","0.7433766233766234","0.6612903225806451","0.7563162549836246","0.46359302763114546","0.42574703377486256","0.8893400614060081","426","62","62"
"testcmp10","clean","cov50","50","synth_0008","ok","","0.7950819672131147","0.7793572311495673","0.8114543114543115","0.7313432835820896","0.7914639905688274","0.34707519800454645","0.37375198540824744","0.720827183412794","428","67","66"
"testcmp10","clean","cov50","50","synth_0009","ok","","0.8382234185733513","0.8559648158328752","0.8212025316455697","0.7419354838709677","0.8348681175208629","0.3383245041606362","0.28901676310996793","0.6273412672706041","428","62","64"
"testcmp10","clean","cov60","60","synth_0000","ok","","0.7655767040832926","0.7911903160726295","0.7415694925937598","0.6363636363636364","0.7621247684153084","0.49457214565625507","0.4224756554453628","0.9170478011016179","651","88","91"
"testcmp10","clean","cov60","60","synth_0001","ok","","0.7572263993316625","0.7829993089149966","0.7330960854092526","0.6292134831460674","0.7538738153154595","0.5054057455352341","0.42600857609501697","0.9314143216302511","663","89","95"
"testcmp10","clean","cov60","60","synth_0002","ok","","0.8593536640873919","0.8880526810912511","0.8324514991181657","0.8295454545454546","0.8574241170173444","0.31812331755523776","0.23739775625853898","0.5555210738137768","698","88","94"
"testcmp10","clean","cov60","60","synth_0003","ok","","0.7396326453323234","0.7682926829268293","0.7130339539978094","0.625","0.7363262205765161","0.495682372461981","0.4365344531747821","0.9322168256367631","649","104","106"
"testcmp10","clean","cov60","60","synth_0004","ok","","0.7631352282515073","0.7661708751297129","0.7601235415236788","0.6847826086956522","0.7596251686560227","0.4625781822807622","0.4576977310250218","0.9202759133057841","631","92","93"
"testcmp10","clean","cov60","60","synth_0005","ok","","0.7339416711397388","0.7249911629551078","0.7431159420289855","0.5789473684210527","0.7302674673744136","0.5102488741877127","0.5283487063637883","1.0385975805515009","641","95","93"
"testcmp10","clean","cov60","60","synth_0006","ok","","0.7829736211031175","0.8058412176059235","0.7613680528565876","0.6764705882352942","0.7803704655348151","0.41919240755098874","0.3602652618674367","0.7794576694184254","650","102","106"
"testcmp10","clean","cov60","60","synth_0007","ok","","0.7506822128504093","0.7664640324214792","0.7355371900826446","0.62","0.7475007723293016","0.4421205707755213","0.4201999432928876","0.8623205140684089","566","100","98"
"testcmp10","clean","cov60","60","synth_0008","ok","","0.7594454072790295","0.7808267997148967","0.7392037786774629","0.6705882352941176","0.7558474419632211","0.4720454521582463","0.45787338510507825","0.9299188372633245","626","85","84"
"testcmp10","clean","cov60","60","synth_0009","ok","","0.6958456973293767","0.7034120734908137","0.688440366972477","0.6","0.691275697354886","0.5723754405240156","0.5535381886577573","1.1259136291817728","604","85","87"
